INDI	INDI_sample_001	TCTCTTG:TCTCTTG	GTCGGTAAAACTCGTGCCAGC	CATAGTGGGGTATCTAATCCCAGTTTG	F @ position=01_01A
INDI	INDI_sample_002	TATCATT:TATCATT	GTCGGTAAAACTCGTGCCAGC	CATAGTGGGGTATCTAATCCCAGTTTG	F @ position=01_01B
INDI	INDI_sample_003	CGGAAAC:CGGAAAC	GTCGGTAAAACTCGTGCCAGC	CATAGTGGGGTATCTAATCCCAGTTTG	F @ position=01_01C
INDI	INDI_sample_004	TGTGGGT:TGTGGGT	GTCGGTAAAACTCGTGCCAGC	CATAGTGGGGTATCTAATCCCAGTTTG	F @ position=01_01D
INDI	INDI_sample_005	AAACGGC:AAACGGC	GTCGGTAAAACTCGTGCCAGC	CATAGTGGGGTATCTAATCCCAGTTTG	F @ position=01_01E
INDI	INDI_sample_006	GAGCTAT:GAGCTAT	GTCGGTAAAACTCGTGCCAGC	CATAGTGGGGTATCTAATCCCAGTTTG	F @ position=01_01F
INDI	INDI_sample_007	TAGCGTG:TAGCGTG	GTCGGTAAAACTCGTGCCAGC	CATAGTGGGGTATCTAATCCCAGTTTG	F @ position=01_01G
INDI	INDI_sample_008	GCGGGAG:GCGGGAG	GTCGGTAAAACTCGTGCCAGC	CATAGTGGGGTATCTAATCCCAGTTTG	F @ position=01_01H
INDI	INDI_sample_009	AGCACAT:AGCACAT	GTCGGTAAAACTCGTGCCAGC	CATAGTGGGGTATCTAATCCCAGTTTG	F @ position=01_02A
INDI	INDI_sample_010	TATCGCA:TATCGCA	GTCGGTAAAACTCGTGCCAGC	CATAGTGGGGTATCTAATCCCAGTTTG	F @ position=01_02B
INDI	INDI_sample_011	CTCCTGA:CTCCTGA	GTCGGTAAAACTCGTGCCAGC	CATAGTGGGGTATCTAATCCCAGTTTG	F @ position=01_02C
INDI	INDI_sample_012	GTTAGCA:GTTAGCA	GTCGGTAAAACTCGTGCCAGC	CATAGTGGGGTATCTAATCCCAGTTTG	F @ position=01_02D
INDI	INDI_sample_013	AAACTTT:AAACTTT	GTCGGTAAAACTCGTGCCAGC	CATAGTGGGGTATCTAATCCCAGTTTG	F @ position=01_02E
INDI	INDI_sample_014	AAAGACC:AAAGACC	GTCGGTAAAACTCGTGCCAGC	CATAGTGGGGTATCTAATCCCAGTTTG	F @ position=01_02F
INDI	INDI_sample_015	ATCCCGG:ATCCCGG	GTCGGTAAAACTCGTGCCAGC	CATAGTGGGGTATCTAATCCCAGTTTG	F @ position=01_02G
INDI	INDI_sample_016	TATCTAC:TATCTAC	GTCGGTAAAACTCGTGCCAGC	CATAGTGGGGTATCTAATCCCAGTTTG	F @ position=01_02H
INDI	INDI_sample_017	AAAGCAT:AAAGCAT	GTCGGTAAAACTCGTGCCAGC	CATAGTGGGGTATCTAATCCCAGTTTG	F @ position=01_03A
INDI	INDI_sample_018	GGTACCC:GGTACCC	GTCGGTAAAACTCGTGCCAGC	CATAGTGGGGTATCTAATCCCAGTTTG	F @ position=01_03B
INDI	INDI_sample_019	CTGCATA:CTGCATA	GTCGGTAAAACTCGTGCCAGC	CATAGTGGGGTATCTAATCCCAGTTTG	F @ position=01_03C
INDI	INDI_sample_020	TGTTATG:TGTTATG	GTCGGTAAAACTCGTGCCAGC	CATAGTGGGGTATCTAATCCCAGTTTG	F @ position=01_03D
INDI	INDI_sample_021	ACATTAT:ACATTAT	GTCGGTAAAACTCGTGCCAGC	CATAGTGGGGTATCTAATCCCAGTTTG	F @ position=01_03E
INDI	INDI_sample_022	TGTTCAC:TGTTCAC	GTCGGTAAAACTCGTGCCAGC	CATAGTGGGGTATCTAATCCCAGTTTG	F @ position=01_03F
INDI	INDI_sample_023	GAGGCCG:GAGGCCG	GTCGGTAAAACTCGTGCCAGC	CATAGTGGGGTATCTAATCCCAGTTTG	F @ position=01_03G
INDI	INDI_sample_024	CACGTAT:CACGTAT	GTCGGTAAAACTCGTGCCAGC	CATAGTGGGGTATCTAATCCCAGTTTG	F @ position=01_03H
INDI	INDI_sample_025	CGGAGTT:CGGAGTT	GTCGGTAAAACTCGTGCCAGC	CATAGTGGGGTATCTAATCCCAGTTTG	F @ position=01_04A
INDI	INDI_sample_026	GGTAGGG:GGTAGGG	GTCGGTAAAACTCGTGCCAGC	CATAGTGGGGTATCTAATCCCAGTTTG	F @ position=01_04B
INDI	INDI_sample_027	AAAGGTA:AAAGGTA	GTCGGTAAAACTCGTGCCAGC	CATAGTGGGGTATCTAATCCCAGTTTG	F @ position=01_04C
INDI	INDI_sample_028	TCTGTGC:TCTGTGC	GTCGGTAAAACTCGTGCCAGC	CATAGTGGGGTATCTAATCCCAGTTTG	F @ position=01_04D
INDI	INDI_sample_029	CAGATCT:CAGATCT	GTCGGTAAAACTCGTGCCAGC	CATAGTGGGGTATCTAATCCCAGTTTG	F @ position=01_04E
INDI	INDI_sample_030	TATGCCC:TATGCCC	GTCGGTAAAACTCGTGCCAGC	CATAGTGGGGTATCTAATCCCAGTTTG	F @ position=01_04F
INDI	INDI_sample_031	ACCAATT:ACCAATT	GTCGGTAAAACTCGTGCCAGC	CATAGTGGGGTATCTAATCCCAGTTTG	F @ position=01_04G
INDI	INDI_sample_032	AAAGTGG:AAAGTGG	GTCGGTAAAACTCGTGCCAGC	CATAGTGGGGTATCTAATCCCAGTTTG	F @ position=01_04H
INDI	INDI_sample_033	CACTATA:CACTATA	GTCGGTAAAACTCGTGCCAGC	CATAGTGGGGTATCTAATCCCAGTTTG	F @ position=01_05A
INDI	INDI_sample_034	CGGCAGT:CGGCAGT	GTCGGTAAAACTCGTGCCAGC	CATAGTGGGGTATCTAATCCCAGTTTG	F @ position=01_05B
INDI	INDI_sample_035	TATGGAG:TATGGAG	GTCGGTAAAACTCGTGCCAGC	CATAGTGGGGTATCTAATCCCAGTTTG	F @ position=01_05C
INDI	INDI_sample_036	AAATAGT:AAATAGT	GTCGGTAAAACTCGTGCCAGC	CATAGTGGGGTATCTAATCCCAGTTTG	F @ position=01_05D
INDI	INDI_sample_037	CACTCCG:CACTCCG	GTCGGTAAAACTCGTGCCAGC	CATAGTGGGGTATCTAATCCCAGTTTG	F @ position=01_05E
INDI	INDI_sample_038	AGCCCTC:AGCCCTC	GTCGGTAAAACTCGTGCCAGC	CATAGTGGGGTATCTAATCCCAGTTTG	F @ position=01_05F
INDI	INDI_sample_039	TTAAACT:TTAAACT	GTCGGTAAAACTCGTGCCAGC	CATAGTGGGGTATCTAATCCCAGTTTG	F @ position=01_05G
INDI	INDI_sample_040	GAGTAGC:GAGTAGC	GTCGGTAAAACTCGTGCCAGC	CATAGTGGGGTATCTAATCCCAGTTTG	F @ position=01_05H
INDI	INDI_sample_041	TCTAGGA:TCTAGGA	GTCGGTAAAACTCGTGCCAGC	CATAGTGGGGTATCTAATCCCAGTTTG	F @ position=01_06A
INDI	INDI_sample_042	AAATCTC:AAATCTC	GTCGGTAAAACTCGTGCCAGC	CATAGTGGGGTATCTAATCCCAGTTTG	F @ position=01_06B
INDI	INDI_sample_043	ATCATCG:ATCATCG	GTCGGTAAAACTCGTGCCAGC	CATAGTGGGGTATCTAATCCCAGTTTG	F @ position=01_06C
INDI	INDI_sample_044	AGCCGGT:AGCCGGT	GTCGGTAAAACTCGTGCCAGC	CATAGTGGGGTATCTAATCCCAGTTTG	F @ position=01_06D
INDI	INDI_sample_045	ACCATAA:ACCATAA	GTCGGTAAAACTCGTGCCAGC	CATAGTGGGGTATCTAATCCCAGTTTG	F @ position=01_06E
INDI	INDI_sample_046	AAATGAG:AAATGAG	GTCGGTAAAACTCGTGCCAGC	CATAGTGGGGTATCTAATCCCAGTTTG	F @ position=01_06F
INDI	INDI_sample_047	GTCCCTA:GTCCCTA	GTCGGTAAAACTCGTGCCAGC	CATAGTGGGGTATCTAATCCCAGTTTG	F @ position=01_06G
INDI	INDI_sample_048	CACTGGT:CACTGGT	GTCGGTAAAACTCGTGCCAGC	CATAGTGGGGTATCTAATCCCAGTTTG	F @ position=01_06H
INDI	INDI_sample_049	TACCCAA:TACCCAA	GTCGGTAAAACTCGTGCCAGC	CATAGTGGGGTATCTAATCCCAGTTTG	F @ position=01_07A
INDI	INDI_sample_050	CAAAGCG:CAAAGCG	GTCGGTAAAACTCGTGCCAGC	CATAGTGGGGTATCTAATCCCAGTTTG	F @ position=01_07B
INDI	INDI_sample_051	GAGTCTA:GAGTCTA	GTCGGTAAAACTCGTGCCAGC	CATAGTGGGGTATCTAATCCCAGTTTG	F @ position=01_07C
INDI	INDI_sample_052	CCCTGTG:CCCTGTG	GTCGGTAAAACTCGTGCCAGC	CATAGTGGGGTATCTAATCCCAGTTTG	F @ position=01_07D
INDI	INDI_sample_053	AAATTCA:AAATTCA	GTCGGTAAAACTCGTGCCAGC	CATAGTGGGGTATCTAATCCCAGTTTG	F @ position=01_07E
INDI	INDI_sample_054	GTTGAGC:GTTGAGC	GTCGGTAAAACTCGTGCCAGC	CATAGTGGGGTATCTAATCCCAGTTTG	F @ position=01_07F
INDI	INDI_sample_055	ACCCAGC:ACCCAGC	GTCGGTAAAACTCGTGCCAGC	CATAGTGGGGTATCTAATCCCAGTTTG	F @ position=01_07G
INDI	INDI_sample_056	CGGCTTG:CGGCTTG	GTCGGTAAAACTCGTGCCAGC	CATAGTGGGGTATCTAATCCCAGTTTG	F @ position=01_07H
INDI	INDI_sample_057	AACAAAC:AACAAAC	GTCGGTAAAACTCGTGCCAGC	CATAGTGGGGTATCTAATCCCAGTTTG	F @ position=01_08A
INDI	INDI_sample_058	TTAATAA:TTAATAA	GTCGGTAAAACTCGTGCCAGC	CATAGTGGGGTATCTAATCCCAGTTTG	F @ position=01_08B
INDI	INDI_sample_059	TATTCGG:TATTCGG	GTCGGTAAAACTCGTGCCAGC	CATAGTGGGGTATCTAATCCCAGTTTG	F @ position=01_08C
INDI	INDI_sample_060	ACCCGCA:ACCCGCA	GTCGGTAAAACTCGTGCCAGC	CATAGTGGGGTATCTAATCCCAGTTTG	F @ position=01_08D
INDI	INDI_sample_061	ACAACAC:ACAACAC	GTCGGTAAAACTCGTGCCAGC	CATAGTGGGGTATCTAATCCCAGTTTG	F @ position=01_08E
INDI	INDI_sample_062	CCGCTAA:CCGCTAA	GTCGGTAAAACTCGTGCCAGC	CATAGTGGGGTATCTAATCCCAGTTTG	F @ position=01_08F
INDI	INDI_sample_063	GGTGACG:GGTGACG	GTCGGTAAAACTCGTGCCAGC	CATAGTGGGGTATCTAATCCCAGTTTG	F @ position=01_08G
INDI	INDI_sample_064	AACACCA:AACACCA	GTCGGTAAAACTCGTGCCAGC	CATAGTGGGGTATCTAATCCCAGTTTG	F @ position=01_08H
INDI	INDI_sample_065	GATAACT:GATAACT	GTCGGTAAAACTCGTGCCAGC	CATAGTGGGGTATCTAATCCCAGTTTG	F @ position=01_09A
INDI	INDI_sample_066	TATTGTC:TATTGTC	GTCGGTAAAACTCGTGCCAGC	CATAGTGGGGTATCTAATCCCAGTTTG	F @ position=01_09B
INDI	INDI_sample_067	CGGGCGC:CGGGCGC	GTCGGTAAAACTCGTGCCAGC	CATAGTGGGGTATCTAATCCCAGTTTG	F @ position=01_09C
INDI	INDI_sample_068	AGCGGCG:AGCGGCG	GTCGGTAAAACTCGTGCCAGC	CATAGTGGGGTATCTAATCCCAGTTTG	F @ position=01_09D
INDI	INDI_sample_069	GAGGAAA:GAGGAAA	GTCGGTAAAACTCGTGCCAGC	CATAGTGGGGTATCTAATCCCAGTTTG	F @ position=01_09E
INDI	INDI_sample_070	GATACGA:GATACGA	GTCGGTAAAACTCGTGCCAGC	CATAGTGGGGTATCTAATCCCAGTTTG	F @ position=01_09F
INDI	INDI_sample_071	AACAGGG:AACAGGG	GTCGGTAAAACTCGTGCCAGC	CATAGTGGGGTATCTAATCCCAGTTTG	F @ position=01_09G
INDI	INDI_sample_072	TCCGAGG:TCCGAGG	GTCGGTAAAACTCGTGCCAGC	CATAGTGGGGTATCTAATCCCAGTTTG	F @ position=01_09H
INDI	INDI_sample_073	TTACCTC:TTACCTC	GTCGGTAAAACTCGTGCCAGC	CATAGTGGGGTATCTAATCCCAGTTTG	F @ position=01_10A
INDI	INDI_sample_074	GCTCAGA:GCTCAGA	GTCGGTAAAACTCGTGCCAGC	CATAGTGGGGTATCTAATCCCAGTTTG	F @ position=01_10B
INDI	INDI_sample_075	AGCGTGC:AGCGTGC	GTCGGTAAAACTCGTGCCAGC	CATAGTGGGGTATCTAATCCCAGTTTG	F @ position=01_10C
INDI	INDI_sample_076	TCAAATC:TCAAATC	GTCGGTAAAACTCGTGCCAGC	CATAGTGGGGTATCTAATCCCAGTTTG	F @ position=01_10D
INDI	INDI_sample_077	GATAGAC:GATAGAC	GTCGGTAAAACTCGTGCCAGC	CATAGTGGGGTATCTAATCCCAGTTTG	F @ position=01_10E
INDI	INDI_sample_078	AGCTAAA:AGCTAAA	GTCGGTAAAACTCGTGCCAGC	CATAGTGGGGTATCTAATCCCAGTTTG	F @ position=01_10F
INDI	INDI_sample_079	ACCGCCC:ACCGCCC	GTCGGTAAAACTCGTGCCAGC	CATAGTGGGGTATCTAATCCCAGTTTG	F @ position=01_10G
INDI	INDI_sample_080	ATGAAGA:ATGAAGA	GTCGGTAAAACTCGTGCCAGC	CATAGTGGGGTATCTAATCCCAGTTTG	F @ position=01_10H
